{"schemaVersion":"1.0","appDefinitionTemplate":{"id":"/providers/Microsoft.PowerApps/apps/","type":"Microsoft.PowerApps/apps","tags":{"primaryDeviceWidth":"1366","primaryDeviceHeight":"768","supportsPortrait":"true","supportsLandscape":"true","primaryFormFactor":"Tablet","showStatusBar":"false","publisherVersion":"3.24091.11","minimumRequiredApiVersion":"2.2.0","hasComponent":"false","hasUnlockedComponent":"false","isUnifiedRootApp":"false","sienaVersion":"20240908T075827Z-3.24091.11.0"},"properties":{"appVersion":"2024-09-08T07:58:27Z","lifeCycleId":"Published","createdByClientVersion":{"major":3,"minor":24091,"build":11,"revision":0,"majorRevision":0,"minorRevision":0},"minClientVersion":{"major":3,"minor":24091,"build":11,"revision":0,"majorRevision":0,"minorRevision":0},"backgroundColor":"rgba(54, 176, 75, 1)","backgroundImageUri":"/6013575240182255970/N738452f1-bbf2-480b-a511-131a5da35c0c-logoSmallFile","displayName":"YT - Room Booking App","description":"","commitMessage":"","appUris":{"documentUri":{"value":"/6013575240182255970/Nc0bbcdbc-d7db-445e-bd48-b219e0152937-document.msapp"},"imageUris":[],"additionalUris":[{"isSolutionAware":false,"value":"/6013575240182255970/N679db9cf-8df0-4246-b7df-6509a4e26e89-identity.json"}]},"createdTime":"0001-01-01T00:00:00Z","lastModifiedTime":"0001-01-01T00:00:00Z","sharedGroupsCount":0,"sharedUsersCount":0,"connectionReferences":{"6477c30e-437e-444d-b5b2-2cabfd24d2b4":{"id":"f70de9b7-426c-447d-9faf-20a01f4fca04","displayName":"Office 365 Outlook","iconUri":"https://connectoricons-prod.azureedge.net/releases/v1.0.1686/1.0.1686.3706/office365/icon.png","dataSources":["Office365Outlook"],"dependencies":[],"dependents":[],"parameterHints":{},"parameterHintsV2":{},"isOnPremiseConnection":false,"bypassConsent":false,"dataSets":{},"apiTier":"Standard","isCustomApiConnection":false,"actions":["CalendarGetTables","GetRooms","FindMeetingTimes_V2","V4CalendarGetItems","V4CalendarPostItem","CalendarDeleteItem_V2","V4CalendarPatchItem"]},"d90cef45-c1ff-4158-85ad-834352ab3cfe":{"id":"63963fdc-9e58-427e-8be6-484fbf1ff774","displayName":"Office 365 Users","iconUri":"https://connectoricons-prod.azureedge.net/releases/v1.0.1702/1.0.1702.3810/office365users/icon.png","dataSources":["Office365Users"],"dependencies":[],"dependents":[],"parameterHints":{},"parameterHintsV2":{},"isOnPremiseConnection":false,"bypassConsent":false,"dataSets":{},"apiTier":"Standard","isCustomApiConnection":false,"actions":["UserProfile_V2"]},"52805f32-e20a-407a-98e7-a10675e1a87d":{"id":"a7ffb44b-0bdc-4cd1-861f-250d019fb451","displayName":"SharePoint","iconUri":"https://connectoricons-prod.azureedge.net/u/jayawan/releases/v1.0.1697/1.0.1697.3786/sharepointonline/icon.png","dataSources":["Room Booking Details","Room Booking App Admin"],"dependencies":[],"dependents":[],"parameterHints":{},"parameterHintsV2":{},"isOnPremiseConnection":false,"bypassConsent":false,"dataSets":{"https://fe27.sharepoint.com/sites/PowerAppsTraining":{"dataSources":{"Room Booking Details":{"tableName":"560c3913-9934-4f86-b847-13c051756758"},"Room Booking App Admin":{"tableName":"a4e43cdf-c16e-44af-a6fa-b77fee5f80f2"}}}},"apiTier":"Standard","isCustomApiConnection":false,"actions":["providers/PowerPlatform.Governance/Operations/Read","providers/PowerPlatform.Governance/Operations/Write"]}},"databaseReferences":{},"almMode":"Environment","performanceOptimizationEnabled":true,"canConsumeAppPass":true,"enableModernRuntimeMode":false,"executionRestrictions":{"isTeamsOnly":false,"dataLossPreventionEvaluationResult":{"status":"Compliant","lastEvaluationDate":"2024-09-08T03:38:42.4016292Z","violations":[],"violationsByPolicy":[],"violationErrorMessage":"The app uses the following connectors: ."}}},"appType":"ClassicCanvasApp","appComponents":[]}}